startTime,endTime,spinningLatency,sleepingLatency
1708263562964,1708263566986,4022,-
1708263562964,1708263566987,4023,-
1708263562964,1708263566988,4024,-
1708263563964,1708263566988,3024,-
1708263562964,1708263566989,4025,-
1708263563965,1708263566991,3026,-
1708263562964,1708263566992,4028,-
1708263564965,1708263566994,2029,-
1708263563965,1708263566995,3030,-
1708263563964,1708263566997,3033,-
1708263563965,1708263566998,3033,-
1708263564965,1708263566999,2034,-
1708263564966,1708263567000,2034,-
1708263564965,1708263567002,2037,-
1708263564965,1708263567002,2037,-
1708263565966,1708263567004,1038,-
1708263565965,1708263567006,1041,-
1708263565966,1708263567007,1041,-
1708263565966,1708263567008,1042,-
1708263565966,1708263567010,1044,-
1708263566966,1708263567011,45,-
1708263566967,1708263567011,44,-
1708263566967,1708263567013,46,-
1708263566967,1708263567014,47,-
1708263566967,1708263567015,48,-
1708263567967,1708263567986,19,-
1708263567967,1708263567987,20,-
1708263567967,1708263567989,22,-
1708263567967,1708263567990,23,-
1708263567967,1708263567991,24,-
1708263568967,1708263568986,19,-
1708263568967,1708263568988,21,-
1708263568968,1708263568988,20,-
1708263568967,1708263568989,22,-
1708263568968,1708263568991,23,-
1708263569968,1708263569986,18,-
1708263569968,1708263569988,20,-
1708263569968,1708263569989,21,-
1708263569968,1708263569991,23,-
1708263569968,1708263569991,23,-
1708263570968,1708263570988,20,-
1708263570968,1708263570989,21,-
1708263570968,1708263570991,23,-
1708263570969,1708263570992,23,-
1708263570968,1708263570993,25,-
1708263571969,1708263571988,19,-
1708263571969,1708263571989,20,-
1708263571969,1708263571991,22,-
1708263571969,1708263571993,24,-
1708263571969,1708263571994,25,-
1708263572969,1708263572989,20,-
1708263572969,1708263572991,22,-
1708263572969,1708263572992,23,-
1708263572969,1708263572994,25,-
1708263572969,1708263572995,26,-
1708263562964,1708263573504,-,10540
1708263562964,1708263573504,-,10540
1708263562964,1708263573505,-,10541
1708263562964,1708263573508,-,10544
1708263563965,1708263573508,-,9543
1708263563965,1708263573509,-,9544
1708263563965,1708263573510,-,9545
1708263564966,1708263573511,-,8545
1708263562964,1708263573511,-,10547
1708263563965,1708263573511,-,9546
1708263563965,1708263573512,-,9547
1708263564966,1708263573512,-,8546
1708263564966,1708263573513,-,8547
1708263565966,1708263573514,-,7548
1708263564966,1708263573515,-,8549
1708263565966,1708263573515,-,7549
1708263565966,1708263573515,-,7549
1708263564966,1708263573515,-,8549
1708263565966,1708263573516,-,7550
1708263565966,1708263573517,-,7551
1708263566967,1708263573517,-,6550
1708263566967,1708263573518,-,6551
1708263566967,1708263573518,-,6551
1708263567967,1708263573519,-,5552
1708263566967,1708263573520,-,6553
1708263567967,1708263573520,-,5553
1708263566967,1708263573521,-,6554
1708263567967,1708263573522,-,5555
1708263567967,1708263573523,-,5556
1708263568967,1708263573523,-,4556
1708263567967,1708263573524,-,5557
1708263568967,1708263573524,-,4557
1708263568967,1708263573525,-,4558
1708263568967,1708263573525,-,4558
1708263568967,1708263573526,-,4559
1708263569968,1708263573527,-,3559
1708263569968,1708263573527,-,3559
1708263569968,1708263573527,-,3559
1708263569968,1708263573528,-,3560
1708263569968,1708263573529,-,3561
1708263570969,1708263573529,-,2560
1708263570969,1708263573529,-,2560
1708263570969,1708263573530,-,2561
1708263570969,1708263573530,-,2561
1708263570969,1708263573531,-,2562
1708263571969,1708263573532,-,1563
1708263571969,1708263573532,-,1563
1708263571969,1708263573533,-,1564
1708263571969,1708263573533,-,1564
1708263572969,1708263573534,-,565
1708263571969,1708263573534,-,1565
1708263572969,1708263573535,-,566
1708263572969,1708263573536,-,567
1708263572969,1708263573537,-,568
1708263572969,1708263573537,-,568
1708263573969,1708263573987,-,18
1708263573969,1708263573988,19,-
1708263573970,1708263573988,-,18
1708263573969,1708263573989,20,-
1708263573969,1708263573989,-,20
1708263573970,1708263573989,-,19
1708263573970,1708263573990,-,20
1708263573969,1708263573990,21,-
1708263573970,1708263573992,22,-
1708263573970,1708263573994,24,-
1708263574970,1708263574988,-,18
1708263574970,1708263574989,-,19
1708263574970,1708263574989,19,-
1708263574970,1708263574989,-,19
1708263574970,1708263574990,-,20
1708263574970,1708263574991,-,21
1708263574970,1708263574991,21,-
1708263574970,1708263574992,22,-
1708263574970,1708263574994,24,-
1708263574970,1708263574995,25,-
1708263575971,1708263575988,-,17
1708263575971,1708263575989,-,18
1708263575970,1708263575989,19,-
1708263575970,1708263575989,-,19
1708263575971,1708263575990,-,19
1708263575971,1708263575990,-,19
1708263575970,1708263575991,21,-
1708263575970,1708263575992,22,-
1708263575970,1708263575993,23,-
1708263575970,1708263575995,25,-
1708263576971,1708263576991,-,20
1708263576971,1708263576991,-,20
1708263576971,1708263576991,-,20
1708263576971,1708263576992,-,21
1708263576971,1708263576993,22,-
1708263576971,1708263576993,-,22
1708263576971,1708263576993,22,-
1708263576971,1708263576995,24,-
1708263576971,1708263576996,25,-
1708263576971,1708263576998,27,-
1708263577972,1708263577990,18,-
1708263577972,1708263577990,-,18
1708263577972,1708263577991,-,19
1708263577972,1708263577991,19,-
1708263577972,1708263577992,20,-
1708263577972,1708263577992,-,20
1708263577972,1708263577993,-,21
1708263577972,1708263577993,-,21
1708263577972,1708263577994,22,-
1708263577972,1708263577995,23,-
1708263578972,1708263578993,-,21
1708263578972,1708263578993,-,21
1708263578972,1708263578993,21,-
1708263578972,1708263578994,22,-
1708263578972,1708263578994,-,22
1708263578972,1708263578994,-,22
1708263578972,1708263578995,23,-
1708263578972,1708263578995,-,23
1708263578972,1708263578995,23,-
1708263578972,1708263578997,25,-
1708263579973,1708263579991,-,18
1708263579972,1708263579992,-,20
1708263579972,1708263579992,20,-
1708263579972,1708263579993,21,-
1708263579973,1708263579993,-,20
1708263579973,1708263579993,-,20
1708263579973,1708263579994,-,21
1708263579972,1708263579994,22,-
1708263579972,1708263579995,23,-
1708263579973,1708263579996,23,-
1708263580973,1708263580991,-,18
1708263580973,1708263580991,18,-
1708263580973,1708263580992,-,19
1708263580973,1708263580992,-,19
1708263580973,1708263580993,20,-
1708263580973,1708263580993,-,20
1708263580973,1708263580993,-,20
1708263580973,1708263580994,21,-
1708263580973,1708263580996,23,-
1708263580973,1708263580998,25,-
1708263581973,1708263581993,20,-
1708263581974,1708263581994,-,20
1708263581974,1708263581994,-,20
1708263581974,1708263581995,21,-
1708263581974,1708263581995,-,21
1708263581974,1708263581996,-,22
1708263581974,1708263581997,23,-
1708263581974,1708263581997,-,23
1708263581974,1708263581998,24,-
1708263581973,1708263581999,26,-
1708263582974,1708263582990,-,16
1708263582974,1708263582992,-,18
1708263582974,1708263582992,18,-
1708263582974,1708263582993,-,19
1708263582975,1708263582993,-,18
1708263582974,1708263582994,20,-
1708263582974,1708263582994,-,20
1708263582974,1708263582994,20,-
1708263582974,1708263582997,23,-
1708263582974,1708263582998,24,-
1708263583975,1708263583994,-,19
1708263583975,1708263583995,20,-
1708263583975,1708263583995,-,20
1708263583975,1708263583995,-,20
1708263583975,1708263583996,21,-
1708263583975,1708263583996,-,21
1708263583975,1708263583997,-,22
1708263583975,1708263583997,22,-
1708263583975,1708263583999,24,-
1708263583975,1708263584000,25,-
1708263584976,1708263584995,-,19
1708263584975,1708263584995,-,20
1708263584976,1708263584996,-,20
1708263584975,1708263584996,-,21
1708263584975,1708263584997,22,-
1708263584976,1708263584997,-,21
1708263584975,1708263584998,23,-
1708263584975,1708263584999,24,-
1708263584976,1708263585000,24,-
1708263584975,1708263585001,26,-
1708263585976,1708263585994,-,18
1708263585976,1708263585995,-,19
1708263585976,1708263585995,-,19
1708263585976,1708263585995,-,19
1708263585976,1708263585995,19,-
1708263585976,1708263585996,-,20
1708263585976,1708263585997,21,-
1708263585976,1708263585998,22,-
1708263585976,1708263585999,23,-
1708263585976,1708263586000,24,-
1708263586976,1708263586996,20,-
1708263586976,1708263586996,20,-
1708263586976,1708263586996,-,20
1708263586976,1708263586997,-,21
1708263586976,1708263586998,22,-
1708263586977,1708263586998,-,21
1708263586976,1708263586998,-,22
1708263586977,1708263586999,-,22
1708263586976,1708263586999,23,-
1708263586977,1708263587001,24,-
1708263587978,1708263587997,-,19
1708263587977,1708263587997,20,-
1708263587978,1708263587997,-,19
1708263587977,1708263587997,20,-
1708263587978,1708263587997,-,19
1708263587977,1708263587998,21,-
1708263587978,1708263587998,-,20
1708263587978,1708263587999,-,21
1708263587977,1708263587999,22,-
1708263587978,1708263588002,24,-
1708263588978,1708263588998,20,-
1708263588978,1708263588998,-,20
1708263588978,1708263588998,-,20
1708263588978,1708263588998,20,-
1708263588978,1708263588999,-,21
1708263588978,1708263588999,-,21
1708263588978,1708263588999,21,-
1708263588978,1708263589000,-,22
1708263588978,1708263589000,22,-
1708263588978,1708263589001,23,-
1708263589978,1708263589997,19,-
1708263589979,1708263589998,-,19
1708263589979,1708263589998,-,19
1708263589979,1708263589999,-,20
1708263589979,1708263589999,20,-
1708263589979,1708263589999,-,20
1708263589979,1708263590000,-,21
1708263589979,1708263590001,22,-
1708263589979,1708263590002,23,-
1708263589979,1708263590004,25,-
1708263590979,1708263590997,-,18
1708263590979,1708263590998,19,-
1708263590979,1708263590998,-,19
1708263590979,1708263590998,19,-
1708263590979,1708263590999,-,20
1708263590979,1708263591000,-,21
1708263590979,1708263591001,22,-
1708263590979,1708263591001,-,22
1708263590979,1708263591001,22,-
1708263590979,1708263591002,23,-
1708263591980,1708263591999,19,-
1708263591980,1708263592000,-,20
1708263591980,1708263592000,20,-
1708263591980,1708263592001,-,21
1708263591980,1708263592002,22,-
1708263591980,1708263592003,-,23
1708263591980,1708263592003,-,23
1708263591980,1708263592003,-,23
1708263591980,1708263592004,24,-
1708263591980,1708263592004,24,-
1708263592980,1708263593000,-,20
1708263592980,1708263593000,-,20
1708263592981,1708263593001,-,20
1708263592980,1708263593001,21,-
1708263592981,1708263593001,-,20
1708263592981,1708263593001,-,20
1708263592981,1708263593002,21,-
1708263592980,1708263593003,23,-
1708263592980,1708263593003,23,-
1708263592981,1708263593005,24,-
1708263593982,1708263594000,-,18
1708263593981,1708263594000,19,-
1708263593981,1708263594001,20,-
1708263593982,1708263594001,-,19
1708263593982,1708263594001,-,19
1708263593982,1708263594002,-,20
1708263593981,1708263594002,21,-
1708263593982,1708263594003,-,21
1708263593982,1708263594004,22,-
1708263593982,1708263594006,24,-
1708263594982,1708263594999,-,17
1708263594982,1708263595000,18,-
1708263594982,1708263595002,20,-
1708263594982,1708263595002,-,20
1708263594982,1708263595002,-,20
1708263594982,1708263595003,-,21
1708263594982,1708263595004,-,22
1708263594982,1708263595004,22,-
1708263594982,1708263595005,23,-
1708263594982,1708263595007,25,-
1708263595983,1708263596001,-,18
1708263595983,1708263596002,19,-
1708263595983,1708263596002,-,19
1708263595983,1708263596003,-,20
1708263595983,1708263596003,20,-
1708263595983,1708263596004,-,21
1708263595983,1708263596004,21,-
1708263595983,1708263596005,-,22
1708263595983,1708263596005,22,-
1708263595983,1708263596007,24,-
1708263596984,1708263597003,-,19
1708263596984,1708263597003,-,19
1708263596984,1708263597003,19,-
1708263596984,1708263597004,-,20
1708263596984,1708263597004,-,20
1708263596984,1708263597005,21,-
1708263596984,1708263597005,-,21
1708263596984,1708263597006,22,-
1708263596984,1708263597007,23,-
1708263596984,1708263597009,25,-
1708263597984,1708263598002,-,18
1708263597984,1708263598003,-,19
1708263597984,1708263598003,19,-
1708263597984,1708263598004,-,20
1708263597984,1708263598004,-,20
1708263597984,1708263598004,20,-
1708263597984,1708263598005,-,21
1708263597984,1708263598006,22,-
1708263597984,1708263598007,23,-
1708263597984,1708263598009,25,-
1708263598984,1708263599004,20,-
1708263598985,1708263599004,-,19
1708263598984,1708263599004,20,-
1708263598985,1708263599004,-,19
1708263598984,1708263599005,-,21
1708263598984,1708263599005,-,21
1708263598985,1708263599005,-,20
1708263598984,1708263599006,22,-
1708263598984,1708263599007,23,-
1708263598985,1708263599008,23,-
1708263599984,1708263600003,19,-
1708263599984,1708263600004,-,20
1708263599984,1708263600004,20,-
1708263599984,1708263600004,-,20
1708263599985,1708263600004,-,19
1708263599985,1708263600004,-,19
1708263599984,1708263600005,-,21
1708263599984,1708263600005,21,-
1708263599985,1708263600006,21,-
1708263599985,1708263600007,22,-
1708263600985,1708263601005,-,20
1708263600986,1708263601005,-,19
1708263600985,1708263601006,-,21
1708263600985,1708263601006,21,-
1708263600986,1708263601006,-,20
1708263600986,1708263601006,-,20
1708263600985,1708263601008,23,-
1708263600985,1708263601009,24,-
1708263600986,1708263601011,25,-
1708263600986,1708263601012,26,-
1708263601986,1708263602004,18,-
1708263601986,1708263602005,-,19
1708263601986,1708263602006,-,20
1708263601986,1708263602006,20,-
1708263601986,1708263602007,-,21
1708263601986,1708263602007,21,-
1708263601986,1708263602008,-,22
1708263601986,1708263602008,-,22
1708263601986,1708263602008,22,-
1708263601986,1708263602009,23,-
1708263602986,1708263603005,-,19
1708263602986,1708263603005,-,19
1708263602986,1708263603006,20,-
1708263602986,1708263603006,-,20
1708263602986,1708263603007,-,21
1708263602986,1708263603007,21,-
1708263602986,1708263603007,-,21
1708263602986,1708263603008,22,-
1708263602986,1708263603010,24,-
1708263602986,1708263603011,25,-
1708263603987,1708263604007,-,20
1708263603987,1708263604007,20,-
1708263603987,1708263604007,20,-
1708263603987,1708263604007,-,20
1708263603987,1708263604008,21,-
1708263603987,1708263604008,-,21
1708263603987,1708263604009,-,22
1708263603987,1708263604010,-,23
1708263603987,1708263604010,23,-
1708263603987,1708263604011,24,-
1708263604988,1708263605007,-,19
1708263604988,1708263605007,19,-
1708263604988,1708263605007,-,19
1708263604988,1708263605009,-,21
1708263604988,1708263605009,21,-
1708263604988,1708263605009,-,21
1708263604988,1708263605010,-,22
1708263604988,1708263605010,22,-
1708263604988,1708263605011,23,-
1708263604988,1708263605013,25,-
1708263605988,1708263606007,-,19
1708263605988,1708263606007,-,19
1708263605988,1708263606008,-,20
1708263605988,1708263606008,-,20
1708263605988,1708263606009,21,-
1708263605988,1708263606009,21,-
1708263605988,1708263606009,-,21
1708263605988,1708263606010,22,-
1708263605988,1708263606012,24,-
1708263605988,1708263606012,24,-
1708263606989,1708263607007,18,-
1708263606989,1708263607008,19,-
1708263606989,1708263607008,-,19
1708263606989,1708263607009,20,-
1708263606989,1708263607010,-,21
1708263606989,1708263607011,22,-
1708263606989,1708263607011,-,22
1708263606989,1708263607011,-,22
1708263606989,1708263607012,23,-
1708263606989,1708263607012,-,23
1708263607990,1708263608009,-,19
1708263607989,1708263608009,20,-
1708263607989,1708263608009,20,-
1708263607990,1708263608010,-,20
1708263607989,1708263608010,-,21
1708263607990,1708263608010,-,20
1708263607990,1708263608011,-,21
1708263607990,1708263608011,21,-
1708263607990,1708263608012,22,-
1708263607990,1708263608014,24,-
1708263608990,1708263609009,19,-
1708263608990,1708263609009,-,19
1708263608990,1708263609009,-,19
1708263608990,1708263609009,19,-
1708263608990,1708263609010,-,20
1708263608990,1708263609011,-,21
1708263608990,1708263609011,21,-
1708263608990,1708263609011,-,21
1708263608990,1708263609012,22,-
1708263608990,1708263609014,24,-
1708263609991,1708263610010,19,-
1708263609991,1708263610011,20,-
1708263609991,1708263610011,-,20
1708263609991,1708263610012,-,21
1708263609991,1708263610012,21,-
1708263609991,1708263610013,-,22
1708263609991,1708263610014,-,23
1708263609991,1708263610014,-,23
1708263609991,1708263610014,23,-
1708263609991,1708263610016,25,-
1708263610991,1708263611010,-,19
1708263610991,1708263611010,19,-
1708263610991,1708263611011,20,-
1708263610991,1708263611011,-,20
1708263610991,1708263611011,-,20
1708263610991,1708263611012,21,-
1708263610991,1708263611013,-,22
1708263610991,1708263611013,-,22
1708263610991,1708263611014,23,-
1708263610991,1708263611016,25,-
1708263611992,1708263612011,19,-
1708263611992,1708263612011,-,19
1708263611992,1708263612012,20,-
1708263611992,1708263612012,-,20
1708263611992,1708263612012,-,20
1708263611992,1708263612013,21,-
1708263611992,1708263612013,-,21
1708263611992,1708263612013,-,21
1708263611992,1708263612015,23,-
1708263611992,1708263612017,25,-
1708263612993,1708263613012,19,-
1708263612993,1708263613012,19,-
1708263612993,1708263613013,-,20
1708263612993,1708263613013,20,-
1708263612993,1708263613013,-,20
1708263612993,1708263613014,21,-
1708263612993,1708263613014,-,21
1708263612993,1708263613015,-,22
1708263612993,1708263613015,22,-
1708263612993,1708263613016,-,23
1708263613994,1708263614012,18,-
1708263613994,1708263614012,-,18
1708263613994,1708263614012,-,18
1708263613994,1708263614013,19,-
1708263613994,1708263614014,-,20
1708263613994,1708263614014,-,20
1708263613994,1708263614015,-,21
1708263613994,1708263614015,21,-
1708263613994,1708263614016,22,-
1708263613994,1708263614017,23,-
1708263614995,1708263615013,-,18
1708263614994,1708263615013,-,19
1708263614995,1708263615013,-,18
1708263614995,1708263615014,-,19
1708263614995,1708263615014,19,-
1708263614995,1708263615015,-,20
1708263614994,1708263615015,21,-
1708263614994,1708263615017,23,-
1708263614994,1708263615018,24,-
1708263614995,1708263615019,24,-
1708263615995,1708263616014,19,-
1708263615995,1708263616015,20,-
1708263615995,1708263616015,-,20
1708263615995,1708263616016,-,21
1708263615995,1708263616016,21,-
1708263615995,1708263616016,-,21
1708263615995,1708263616017,22,-
1708263615995,1708263616018,-,23
1708263615995,1708263616018,-,23
1708263615995,1708263616019,24,-
1708263616996,1708263617015,-,19
1708263616996,1708263617015,-,19
1708263616996,1708263617016,-,20
1708263616996,1708263617016,20,-
1708263616996,1708263617017,-,21
1708263616996,1708263617017,21,-
1708263616996,1708263617017,-,21
1708263616996,1708263617018,22,-
1708263616996,1708263617019,23,-
1708263616996,1708263617020,24,-
1708263617996,1708263618015,19,-
1708263617996,1708263618015,-,19
1708263617996,1708263618016,20,-
1708263617996,1708263618016,-,20
1708263617996,1708263618016,20,-
1708263617996,1708263618017,-,21
1708263617996,1708263618018,22,-
1708263617996,1708263618019,-,23
1708263617996,1708263618019,23,-
1708263617996,1708263618020,-,24
1708263618997,1708263619016,-,19
1708263618997,1708263619016,-,19
1708263618997,1708263619016,19,-
1708263618997,1708263619017,-,20
1708263618997,1708263619017,-,20
1708263618997,1708263619018,21,-
1708263618997,1708263619018,-,21
1708263618997,1708263619019,22,-
1708263618997,1708263619020,23,-
1708263618997,1708263619021,24,-
1708263619997,1708263620017,20,-
1708263619998,1708263620017,-,19
1708263619998,1708263620017,-,19
1708263619998,1708263620019,-,21
1708263619998,1708263620020,22,-
1708263619998,1708263620020,-,22
1708263619997,1708263620021,24,-
1708263619998,1708263620021,-,23
1708263619997,1708263620022,25,-
1708263619997,1708263620023,26,-
1708263620998,1708263621018,-,20
1708263620998,1708263621018,20,-
1708263620998,1708263621018,-,20
1708263620998,1708263621019,-,21
1708263620998,1708263621019,21,-
1708263620999,1708263621020,-,21
1708263620998,1708263621021,-,23
1708263620999,1708263621021,22,-
1708263620999,1708263621022,23,-
1708263620998,1708263621024,26,-
1708263621999,1708263622019,-,20
1708263621999,1708263622020,-,21
1708263621999,1708263622020,21,-
1708263621999,1708263622020,-,21
1708263621999,1708263622020,21,-
1708263621999,1708263622021,-,22
1708263621999,1708263622021,-,22
1708263621999,1708263622021,22,-
1708263621999,1708263622023,24,-
1708263621999,1708263622023,24,-
1708263623000,1708263623018,-,18
1708263622999,1708263623019,20,-
1708263623000,1708263623019,-,19
1708263623000,1708263623020,-,20
1708263622999,1708263623021,22,-
1708263623000,1708263623021,-,21
1708263623000,1708263623021,-,21
1708263623000,1708263623022,22,-
1708263623000,1708263623023,23,-
1708263623000,1708263623024,24,-
1708263624000,1708263624018,-,18
1708263624000,1708263624018,18,-
1708263624000,1708263624020,-,20
1708263624000,1708263624020,20,-
1708263624000,1708263624020,-,20
1708263624000,1708263624021,-,21
1708263624000,1708263624021,21,-
1708263624000,1708263624022,-,22
1708263624000,1708263624022,22,-
1708263624000,1708263624023,23,-
1708263625000,1708263625019,-,19
1708263625000,1708263625020,20,-
1708263625000,1708263625020,-,20
1708263625000,1708263625020,-,20
1708263625000,1708263625021,-,21
1708263625000,1708263625021,21,-
1708263625000,1708263625022,-,22
1708263625000,1708263625022,22,-
1708263625001,1708263625024,23,-
1708263625000,1708263625025,25,-
1708263626001,1708263626021,-,20
1708263626001,1708263626021,-,20
1708263626001,1708263626021,20,-
1708263626001,1708263626021,20,-
1708263626001,1708263626022,-,21
1708263626001,1708263626022,-,21
1708263626001,1708263626023,22,-
1708263626001,1708263626023,-,22
1708263626001,1708263626024,23,-
1708263626001,1708263626026,25,-
1708263627001,1708263627020,-,19
1708263627001,1708263627021,20,-
1708263627001,1708263627021,-,20
1708263627001,1708263627022,-,21
1708263627001,1708263627023,22,-
1708263627001,1708263627023,-,22
1708263627001,1708263627023,-,22
1708263627001,1708263627025,24,-
1708263627001,1708263627026,25,-
1708263627001,1708263627027,26,-
1708263628002,1708263628020,-,18
1708263628002,1708263628021,19,-
1708263628002,1708263628021,-,19
1708263628002,1708263628021,-,19
1708263628002,1708263628021,-,19
1708263628002,1708263628022,-,20
1708263628002,1708263628023,21,-
1708263628002,1708263628024,22,-
1708263628002,1708263628026,24,-
1708263628002,1708263628027,25,-
1708263629002,1708263629021,-,19
1708263629002,1708263629022,20,-
1708263629002,1708263629022,-,20
1708263629002,1708263629022,-,20
1708263629002,1708263629023,-,21
1708263629002,1708263629023,21,-
1708263629002,1708263629024,-,22
1708263629002,1708263629025,23,-
1708263629002,1708263629026,24,-
1708263629002,1708263629028,26,-
1708263630003,1708263630021,18,-
1708263630003,1708263630022,-,19
1708263630003,1708263630022,-,19
1708263630003,1708263630023,20,-
1708263630003,1708263630023,-,20
1708263630003,1708263630023,-,20
1708263630003,1708263630024,-,21
1708263630003,1708263630024,21,-
1708263630003,1708263630025,22,-
1708263630003,1708263630027,24,-
1708263631004,1708263631023,19,-
1708263631004,1708263631023,-,19
1708263631004,1708263631023,-,19
1708263631004,1708263631024,20,-
1708263631004,1708263631025,-,21
1708263631004,1708263631025,-,21
1708263631004,1708263631025,21,-
1708263631004,1708263631026,-,22
1708263631004,1708263631027,23,-
1708263631004,1708263631028,24,-
1708263632004,1708263632022,-,18
1708263632004,1708263632023,19,-
1708263632004,1708263632023,-,19
1708263632004,1708263632023,-,19
1708263632004,1708263632024,20,-
1708263632004,1708263632024,-,20
1708263632004,1708263632025,-,21
1708263632004,1708263632025,21,-
1708263632004,1708263632027,23,-
1708263632004,1708263632028,24,-
1708263633005,1708263633021,-,16
1708263633004,1708263633023,19,-
1708263633005,1708263633023,-,18
1708263633005,1708263633023,-,18
1708263633004,1708263633024,20,-
1708263633005,1708263633025,-,20
1708263633005,1708263633025,-,20
1708263633005,1708263633025,20,-
1708263633004,1708263633026,22,-
1708263633005,1708263633027,22,-
1708263634006,1708263634024,-,18
1708263634005,1708263634025,-,20
1708263634006,1708263634025,-,19
1708263634006,1708263634025,-,19
1708263634006,1708263634026,-,20
1708263634006,1708263634026,20,-
1708263634006,1708263634028,22,-
1708263634005,1708263634029,24,-
1708263634006,1708263634031,25,-
1708263634006,1708263634033,27,-
1708263635006,1708263635024,-,18
1708263635006,1708263635025,-,19
1708263635006,1708263635025,19,-
1708263635006,1708263635025,-,19
1708263635006,1708263635026,-,20
1708263635006,1708263635026,20,-
1708263635006,1708263635027,-,21
1708263635006,1708263635027,21,-
1708263635006,1708263635029,23,-
1708263635006,1708263635031,25,-
1708263636006,1708263636026,-,20
1708263636006,1708263636026,20,-
1708263636006,1708263636026,-,20
1708263636006,1708263636027,21,-
1708263636006,1708263636027,-,21
1708263636006,1708263636027,-,21
1708263636006,1708263636028,22,-
1708263636006,1708263636028,-,22
1708263636006,1708263636029,23,-
1708263636006,1708263636030,24,-
1708263637007,1708263637025,-,18
1708263637007,1708263637026,-,19
1708263637007,1708263637026,19,-
1708263637007,1708263637027,20,-
1708263637007,1708263637027,-,20
1708263637007,1708263637027,-,20
1708263637007,1708263637027,-,20
1708263637007,1708263637028,21,-
1708263637007,1708263637030,23,-
1708263637007,1708263637031,24,-
1708263638007,1708263638024,-,17
1708263638007,1708263638025,-,18
1708263638007,1708263638025,18,-
1708263638007,1708263638026,-,19
1708263638007,1708263638026,19,-
1708263638007,1708263638026,-,19
1708263638007,1708263638027,-,20
1708263638007,1708263638028,21,-
1708263638007,1708263638030,23,-
1708263638007,1708263638031,24,-
1708263639007,1708263639026,19,-
1708263639007,1708263639026,-,19
1708263639007,1708263639026,-,19
1708263639007,1708263639027,20,-
1708263639007,1708263639028,-,21
1708263639007,1708263639028,-,21
1708263639007,1708263639028,21,-
1708263639007,1708263639028,-,21
1708263639007,1708263639030,23,-
1708263639007,1708263639031,24,-
1708263640008,1708263640026,-,18
1708263640008,1708263640027,-,19
1708263640008,1708263640027,19,-
1708263640008,1708263640027,-,19
1708263640008,1708263640027,19,-
1708263640008,1708263640028,-,20
1708263640008,1708263640028,-,20
1708263640008,1708263640029,21,-
1708263640008,1708263640030,22,-
1708263640008,1708263640031,23,-
1708263641009,1708263641027,18,-
1708263641009,1708263641027,-,18
1708263641009,1708263641028,-,19
1708263641009,1708263641028,-,19
1708263641009,1708263641028,19,-
1708263641009,1708263641029,-,20
1708263641009,1708263641029,20,-
1708263641009,1708263641030,-,21
1708263641009,1708263641031,22,-
1708263641009,1708263641032,23,-
1708263642009,1708263642029,-,20
1708263642009,1708263642029,20,-
1708263642009,1708263642029,-,20
1708263642009,1708263642030,-,21
1708263642009,1708263642030,21,-
1708263642009,1708263642030,-,21
1708263642009,1708263642031,-,22
1708263642009,1708263642032,23,-
1708263642009,1708263642034,25,-
1708263642009,1708263642035,26,-
1708263643009,1708263643031,22,-
1708263643010,1708263643031,21,-
1708263643010,1708263643031,-,21
1708263643010,1708263643031,21,-
1708263643010,1708263643031,-,21
1708263643010,1708263643032,-,22
1708263643010,1708263643032,-,22
1708263643010,1708263643033,-,23
1708263643010,1708263643034,24,-
1708263643010,1708263643034,24,-
1708263644010,1708263644029,-,19
1708263644010,1708263644030,20,-
1708263644010,1708263644030,-,20
1708263644010,1708263644031,21,-
1708263644010,1708263644031,-,21
1708263644010,1708263644031,-,21
1708263644010,1708263644033,-,23
1708263644010,1708263644033,23,-
1708263644010,1708263644033,23,-
1708263644010,1708263644035,25,-
1708263645011,1708263645029,-,18
1708263645011,1708263645030,-,19
1708263645011,1708263645030,-,19
1708263645011,1708263645031,20,-
1708263645011,1708263645031,-,20
1708263645011,1708263645031,-,20
1708263645011,1708263645031,20,-
1708263645011,1708263645033,22,-
1708263645011,1708263645034,23,-
1708263645011,1708263645035,24,-
1708263646012,1708263646030,18,-
1708263646012,1708263646031,19,-
1708263646012,1708263646031,-,19
1708263646012,1708263646032,-,20
1708263646012,1708263646033,21,-
1708263646012,1708263646033,-,21
1708263646012,1708263646033,21,-
1708263646012,1708263646034,-,22
1708263646012,1708263646034,-,22
1708263646012,1708263646035,23,-
1708263647013,1708263647031,-,18
1708263647012,1708263647032,-,20
1708263647012,1708263647032,20,-
1708263647012,1708263647032,-,20
1708263647012,1708263647033,21,-
1708263647013,1708263647033,-,20
1708263647012,1708263647034,-,22
1708263647012,1708263647034,22,-
1708263647013,1708263647035,22,-
1708263647012,1708263647038,26,-
1708263648013,1708263648031,18,-
1708263648013,1708263648031,-,18
1708263648013,1708263648031,-,18
1708263648013,1708263648032,-,19
1708263648013,1708263648032,-,19
1708263648013,1708263648033,-,20
1708263648013,1708263648033,20,-
1708263648013,1708263648033,20,-
1708263648013,1708263648035,22,-
1708263648013,1708263648036,23,-
1708263649013,1708263649031,18,-
1708263649013,1708263649031,-,18
1708263649013,1708263649032,19,-
1708263649013,1708263649032,-,19
1708263649013,1708263649032,-,19
1708263649013,1708263649033,20,-
1708263649013,1708263649033,-,20
1708263649013,1708263649034,-,21
1708263649013,1708263649034,21,-
1708263649013,1708263649035,22,-
1708263650014,1708263650031,-,17
1708263650014,1708263650032,-,18
1708263650014,1708263650032,-,18
1708263650014,1708263650032,18,-
1708263650014,1708263650032,-,18
1708263650013,1708263650034,21,-
1708263650014,1708263650034,-,20
1708263650014,1708263650034,20,-
1708263650014,1708263650036,22,-
1708263650014,1708263650037,23,-
1708263651014,1708263651034,-,20
1708263651015,1708263651035,20,-
1708263651014,1708263651035,21,-
1708263651015,1708263651035,-,20
1708263651015,1708263651036,-,21
1708263651015,1708263651036,-,21
1708263651014,1708263651036,22,-
1708263651015,1708263651037,-,22
1708263651015,1708263651038,23,-
1708263651014,1708263651039,25,-
1708263652014,1708263652032,18,-
1708263652015,1708263652033,-,18
1708263652015,1708263652034,19,-
1708263652014,1708263652034,-,20
1708263652015,1708263652034,-,19
1708263652014,1708263652034,-,20
1708263652015,1708263652035,-,20
1708263652015,1708263652037,22,-
1708263652015,1708263652039,24,-
1708263652015,1708263652040,25,-
1708263653015,1708263653033,-,18
1708263653015,1708263653034,-,19
1708263653015,1708263653034,19,-
1708263653016,1708263653035,-,19
1708263653015,1708263653035,-,20
1708263653015,1708263653035,20,-
1708263653015,1708263653035,-,20
1708263653015,1708263653038,23,-
1708263653015,1708263653039,24,-
1708263653015,1708263653040,25,-
1708263654015,1708263654035,20,-
1708263654015,1708263654035,-,20
1708263654015,1708263654037,22,-
1708263654016,1708263654037,-,21
1708263654015,1708263654038,23,-
1708263654015,1708263654038,-,23
1708263654015,1708263654038,-,23
1708263654015,1708263654039,-,24
1708263654015,1708263654039,24,-
1708263654016,1708263654042,26,-
1708263655016,1708263655033,-,17
1708263655016,1708263655035,-,19
1708263655016,1708263655035,19,-
1708263655016,1708263655035,-,19
1708263655016,1708263655037,21,-
1708263655016,1708263655037,-,21
1708263655016,1708263655037,-,21
1708263655016,1708263655039,23,-
1708263655016,1708263655040,24,-
1708263655016,1708263655041,25,-
1708263656016,1708263656035,-,19
1708263656016,1708263656036,20,-
1708263656016,1708263656036,20,-
1708263656016,1708263656036,-,20
1708263656016,1708263656037,-,21
1708263656016,1708263656037,-,21
1708263656016,1708263656038,-,22
1708263656016,1708263656038,22,-
1708263656016,1708263656039,23,-
1708263656016,1708263656041,25,-
1708263657016,1708263657035,-,19
1708263657016,1708263657035,-,19
1708263657016,1708263657035,-,19
1708263657016,1708263657036,20,-
1708263657017,1708263657036,-,19
1708263657017,1708263657037,-,20
1708263657017,1708263657038,21,-
1708263657016,1708263657039,23,-
1708263657016,1708263657041,25,-
1708263657017,1708263657042,25,-
1708263658017,1708263658036,19,-
1708263658017,1708263658037,-,20
1708263658017,1708263658037,20,-
1708263658017,1708263658038,-,21
1708263658017,1708263658038,-,21
1708263658017,1708263658039,-,22
1708263658017,1708263658039,22,-
1708263658017,1708263658040,-,23
1708263658017,1708263658041,24,-
1708263658017,1708263658042,25,-
1708263659017,1708263659036,-,19
1708263659018,1708263659037,-,19
1708263659017,1708263659037,20,-
1708263659018,1708263659037,19,-
1708263659018,1708263659038,-,20
1708263659018,1708263659039,-,21
1708263659018,1708263659039,-,21
1708263659017,1708263659040,23,-
1708263659017,1708263659040,23,-
1708263659018,1708263659041,23,-
1708263660018,1708263660037,-,19
1708263660018,1708263660038,20,-
1708263660018,1708263660038,-,20
1708263660018,1708263660038,-,20
1708263660018,1708263660038,20,-
1708263660018,1708263660038,-,20
1708263660018,1708263660039,-,21
1708263660018,1708263660039,21,-
1708263660018,1708263660040,22,-
1708263660018,1708263660042,24,-
1708263661018,1708263661037,19,-
1708263661018,1708263661037,-,19
1708263661018,1708263661038,20,-
1708263661018,1708263661038,-,20
1708263661019,1708263661038,-,19
1708263661019,1708263661038,-,19
1708263661019,1708263661039,20,-
1708263661019,1708263661039,-,20
1708263661018,1708263661041,23,-
1708263661018,1708263661042,24,-
1708263662019,1708263662039,-,20
1708263662020,1708263662040,-,20
1708263662019,1708263662041,-,22
1708263662020,1708263662041,-,21
1708263662020,1708263662042,-,22
1708263662020,1708263662042,22,-
1708263662019,1708263662043,24,-
1708263662020,1708263662044,24,-
1708263662020,1708263662045,25,-
1708263662020,1708263662046,26,-
1708263663020,1708263663039,19,-
1708263663020,1708263663039,-,19
1708263663020,1708263663039,-,19
1708263663020,1708263663040,20,-
1708263663020,1708263663040,-,20
1708263663020,1708263663040,-,20
1708263663020,1708263663041,-,21
1708263663020,1708263663042,22,-
1708263663021,1708263663042,21,-
1708263663021,1708263663044,23,-
1708263664021,1708263664039,-,18
1708263664020,1708263664039,19,-
1708263664021,1708263664040,-,19
1708263664020,1708263664040,20,-
1708263664021,1708263664041,-,20
1708263664020,1708263664041,21,-
1708263664021,1708263664042,-,21
1708263664021,1708263664042,-,21
1708263664021,1708263664043,22,-
1708263664020,1708263664043,23,-
1708263665021,1708263665040,-,19
1708263665021,1708263665040,19,-
1708263665021,1708263665041,-,20
1708263665021,1708263665042,-,21
1708263665020,1708263665042,22,-
1708263665021,1708263665043,-,22
1708263665021,1708263665043,22,-
1708263665021,1708263665044,23,-
1708263665021,1708263665044,-,23
1708263665021,1708263665045,24,-
1708263666022,1708263666040,-,18
1708263666021,1708263666041,20,-
1708263666022,1708263666041,-,19
1708263666022,1708263666041,-,19
1708263666021,1708263666042,21,-
1708263666022,1708263666042,-,20
1708263666022,1708263666043,-,21
1708263666022,1708263666044,22,-
1708263666022,1708263666045,23,-
1708263666022,1708263666046,24,-
1708263667022,1708263667041,19,-
1708263667022,1708263667042,-,20
1708263667023,1708263667042,-,19
1708263667022,1708263667043,21,-
1708263667023,1708263667043,-,20
1708263667023,1708263667043,-,20
1708263667023,1708263667044,21,-
1708263667023,1708263667044,-,21
1708263667023,1708263667044,21,-
1708263667023,1708263667045,22,-
1708263668023,1708263668043,20,-
1708263668023,1708263668043,-,20
1708263668023,1708263668043,-,20
1708263668023,1708263668043,-,20
1708263668023,1708263668044,-,21
1708263668023,1708263668044,21,-
1708263668023,1708263668044,-,21
1708263668023,1708263668045,22,-
1708263668023,1708263668046,23,-
1708263668023,1708263668047,24,-
1708263669024,1708263669043,-,19
1708263669024,1708263669043,-,19
1708263669024,1708263669043,19,-
1708263669024,1708263669044,-,20
1708263669024,1708263669045,-,21
1708263669024,1708263669045,21,-
1708263669024,1708263669045,21,-
1708263669024,1708263669045,-,21
1708263669024,1708263669046,22,-
1708263669024,1708263669048,24,-
1708263670025,1708263670045,-,20
1708263670025,1708263670045,20,-
1708263670025,1708263670045,-,20
1708263670025,1708263670046,21,-
1708263670025,1708263670046,-,21
1708263670025,1708263670047,-,22
1708263670025,1708263670048,23,-
1708263670025,1708263670048,-,23
1708263670025,1708263670049,24,-
1708263670025,1708263670050,25,-
1708263671025,1708263671045,-,20
1708263671025,1708263671045,20,-
1708263671025,1708263671045,-,20
1708263671025,1708263671045,-,20
1708263671025,1708263671046,-,21
1708263671025,1708263671046,21,-
1708263671025,1708263671046,-,21
1708263671025,1708263671047,22,-
1708263671025,1708263671049,24,-
1708263671025,1708263671050,25,-
1708263672026,1708263672046,-,20
1708263672025,1708263672046,21,-
1708263672026,1708263672046,20,-
1708263672026,1708263672046,-,20
1708263672025,1708263672047,22,-
1708263672026,1708263672047,-,21
1708263672026,1708263672048,-,22
1708263672026,1708263672048,-,22
1708263672026,1708263672048,22,-
1708263672025,1708263672049,24,-
1708263673027,1708263673045,-,18
1708263673027,1708263673045,-,18
1708263673027,1708263673046,19,-
1708263673027,1708263673046,-,19
1708263673027,1708263673046,-,19
1708263673027,1708263673047,-,20
1708263673027,1708263673047,20,-
1708263673027,1708263673048,21,-
1708263673026,1708263673050,24,-
1708263673026,1708263673051,25,-
1708263674027,1708263674049,-,22
1708263674027,1708263674049,22,-
1708263674027,1708263674049,-,22
1708263674027,1708263674049,-,22
1708263674027,1708263674049,-,22
1708263674027,1708263674049,22,-
1708263674027,1708263674049,22,-
1708263674027,1708263674050,23,-
1708263674027,1708263674050,-,23
1708263674027,1708263674051,24,-
1708263675028,1708263675049,21,-
1708263675028,1708263675049,-,21
1708263675028,1708263675050,22,-
1708263675028,1708263675050,-,22
1708263675028,1708263675052,-,24
1708263675028,1708263675052,-,24
1708263675028,1708263675052,24,-
1708263675028,1708263675052,-,24
1708263675028,1708263675053,25,-
1708263675028,1708263675053,25,-
1708263676028,1708263676048,-,20
1708263676029,1708263676049,-,20
1708263676028,1708263676049,21,-
1708263676029,1708263676049,-,20
1708263676028,1708263676049,21,-
1708263676029,1708263676050,-,21
1708263676028,1708263676051,-,23
1708263676028,1708263676051,23,-
1708263676028,1708263676052,24,-
1708263676028,1708263676053,25,-
1708263677029,1708263677061,32,-
1708263677029,1708263677061,32,-
1708263677029,1708263677061,32,-
1708263677029,1708263677062,33,-
1708263677029,1708263677062,-,33
1708263677030,1708263677062,-,32
1708263677029,1708263677064,-,35
1708263677029,1708263677064,35,-
1708263677029,1708263677064,-,35
1708263677029,1708263677065,-,36
1708263678030,1708263678048,18,-
1708263678029,1708263678049,20,-
1708263678030,1708263678049,-,19
1708263678029,1708263678050,-,21
1708263678030,1708263678050,-,20
1708263678030,1708263678051,21,-
1708263678030,1708263678051,-,21
1708263678030,1708263678052,-,22
1708263678029,1708263678052,23,-
1708263678030,1708263678052,22,-
1708263679031,1708263679050,19,-
1708263679030,1708263679050,-,20
1708263679031,1708263679050,-,19
1708263679031,1708263679051,-,20
1708263679031,1708263679052,21,-
1708263679031,1708263679052,-,21
1708263679031,1708263679053,22,-
1708263679031,1708263679053,-,22
1708263679030,1708263679054,24,-
1708263679031,1708263679055,24,-
1708263680031,1708263680050,19,-
1708263680032,1708263680050,-,18
1708263680031,1708263680051,20,-
1708263680032,1708263680052,-,20
1708263680031,1708263680052,21,-
1708263680032,1708263680052,-,20
1708263680032,1708263680053,21,-
1708263680032,1708263680053,-,21
1708263680031,1708263680054,23,-
1708263680032,1708263680054,-,22
1708263681032,1708263681051,-,19
1708263681032,1708263681051,19,-
1708263681032,1708263681052,-,20
1708263681032,1708263681052,-,20
1708263681032,1708263681052,20,-
1708263681032,1708263681053,-,21
1708263681032,1708263681054,-,22
1708263681032,1708263681054,22,-
1708263681032,1708263681056,24,-
1708263681032,1708263681057,25,-
1708263682032,1708263682051,19,-
1708263682033,1708263682052,-,19
1708263682033,1708263682052,-,19
1708263682032,1708263682052,20,-
1708263682033,1708263682052,-,19
1708263682033,1708263682053,20,-
1708263682033,1708263682053,-,20
1708263682033,1708263682053,-,20
1708263682032,1708263682054,22,-
1708263682032,1708263682055,23,-
1708263683034,1708263683052,-,18
1708263683034,1708263683052,-,18
1708263683033,1708263683053,20,-
1708263683034,1708263683053,-,19
1708263683034,1708263683055,-,21
1708263683033,1708263683055,22,-
1708263683034,1708263683055,-,21
1708263683033,1708263683055,22,-
1708263683034,1708263683057,23,-
1708263683034,1708263683058,24,-
1708263684035,1708263684054,19,-
1708263684035,1708263684054,-,19
1708263684035,1708263684054,-,19
1708263684034,1708263684054,20,-
1708263684034,1708263684055,-,21
1708263684035,1708263684055,-,20
1708263684034,1708263684056,22,-
1708263684035,1708263684056,-,21
1708263684034,1708263684058,24,-
1708263684035,1708263684059,24,-
1708263685034,1708263685053,19,-
1708263685035,1708263685053,-,18
1708263685035,1708263685054,-,19
1708263685035,1708263685055,20,-
1708263685035,1708263685055,-,20
1708263685035,1708263685055,-,20
1708263685035,1708263685056,-,21
1708263685035,1708263685057,22,-
1708263685035,1708263685057,22,-
1708263685035,1708263685059,24,-
1708263686035,1708263686054,19,-
1708263686035,1708263686055,-,20
1708263686035,1708263686056,21,-
1708263686035,1708263686056,-,21
1708263686035,1708263686056,-,21
1708263686035,1708263686057,22,-
1708263686035,1708263686057,-,22
1708263686035,1708263686057,-,22
1708263686035,1708263686058,23,-
1708263686035,1708263686059,24,-
1708263687035,1708263687054,-,19
1708263687035,1708263687055,-,20
1708263687035,1708263687055,20,-
1708263687035,1708263687055,-,20
1708263687035,1708263687056,-,21
1708263687035,1708263687056,-,21
1708263687035,1708263687057,22,-
1708263687035,1708263687058,23,-
1708263687035,1708263687059,24,-
1708263687035,1708263687060,25,-
1708263688036,1708263688055,19,-
1708263688036,1708263688055,-,19
1708263688036,1708263688055,-,19
1708263688036,1708263688056,20,-
1708263688036,1708263688056,-,20
1708263688036,1708263688057,21,-
1708263688036,1708263688057,-,21
1708263688036,1708263688058,-,22
1708263688036,1708263688058,22,-
1708263688036,1708263688059,23,-
1708263689036,1708263689055,19,-
1708263689037,1708263689055,-,18
1708263689037,1708263689056,-,19
1708263689037,1708263689056,-,19
1708263689036,1708263689057,21,-
1708263689037,1708263689058,-,21
1708263689037,1708263689058,-,21
1708263689036,1708263689059,23,-
1708263689037,1708263689061,24,-
1708263689037,1708263689062,25,-
1708263690037,1708263690057,20,-
1708263690038,1708263690057,-,19
1708263690038,1708263690057,19,-
1708263690038,1708263690058,-,20
1708263690038,1708263690058,-,20
1708263690038,1708263690059,-,21
1708263690038,1708263690060,22,-
1708263690038,1708263690060,-,22
1708263690037,1708263690061,24,-
1708263690038,1708263690062,24,-
1708263691038,1708263691057,-,19
1708263691038,1708263691058,20,-
1708263691038,1708263691058,-,20
1708263691038,1708263691058,-,20
1708263691038,1708263691058,-,20
1708263691038,1708263691059,21,-
1708263691038,1708263691059,-,21
1708263691038,1708263691060,22,-
1708263691038,1708263691061,23,-
1708263691038,1708263691062,24,-
1708263692039,1708263692057,-,18
1708263692039,1708263692058,-,19
1708263692039,1708263692058,19,-
1708263692039,1708263692058,-,19
1708263692039,1708263692059,-,20
1708263692039,1708263692060,-,21
1708263692039,1708263692060,21,-
1708263692039,1708263692062,23,-
1708263692039,1708263692063,24,-
1708263692039,1708263692065,26,-
1708263693040,1708263693059,-,19
1708263693040,1708263693059,-,19
1708263693040,1708263693060,-,20
1708263693040,1708263693060,20,-
1708263693040,1708263693060,20,-
1708263693040,1708263693061,-,21
1708263693040,1708263693061,-,21
1708263693040,1708263693062,22,-
1708263693040,1708263693063,23,-
1708263693040,1708263693065,25,-
1708263694040,1708263694059,-,19
1708263694040,1708263694059,19,-
1708263694040,1708263694059,-,19
1708263694040,1708263694059,-,19
1708263694040,1708263694060,-,20
1708263694040,1708263694061,21,-
1708263694040,1708263694061,21,-
1708263694040,1708263694061,-,21
1708263694040,1708263694062,22,-
1708263694040,1708263694063,23,-
1708263695040,1708263695060,20,-
1708263695041,1708263695060,-,19
1708263695041,1708263695061,-,20
1708263695040,1708263695061,21,-
1708263695040,1708263695062,22,-
1708263695040,1708263695063,-,23
1708263695040,1708263695063,-,23
1708263695040,1708263695063,-,23
1708263695040,1708263695063,23,-
1708263695040,1708263695065,25,-
1708263696041,1708263696059,-,18
1708263696041,1708263696060,19,-
1708263696041,1708263696060,-,19
1708263696041,1708263696060,-,19
1708263696041,1708263696061,20,-
1708263696041,1708263696061,-,20
1708263696041,1708263696062,-,21
1708263696041,1708263696062,21,-
1708263696041,1708263696064,23,-
1708263696041,1708263696065,24,-
1708263697041,1708263697060,-,19
1708263697041,1708263697060,19,-
1708263697041,1708263697061,-,20
1708263697041,1708263697061,-,20
1708263697041,1708263697061,20,-
1708263697041,1708263697062,-,21
1708263697041,1708263697063,-,22
1708263697041,1708263697063,22,-
1708263697041,1708263697064,23,-
1708263697041,1708263697066,25,-
1708263698042,1708263698061,-,19
1708263698042,1708263698061,-,19
1708263698042,1708263698061,19,-
1708263698042,1708263698062,-,20
1708263698042,1708263698063,21,-
1708263698042,1708263698063,-,21
1708263698042,1708263698063,21,-
1708263698042,1708263698064,-,22
1708263698042,1708263698064,22,-
1708263698042,1708263698066,24,-
1708263699043,1708263699061,-,18
1708263699043,1708263699061,-,18
1708263699043,1708263699061,18,-
1708263699043,1708263699062,-,19
1708263699043,1708263699063,-,20
1708263699043,1708263699063,-,20
1708263699043,1708263699063,20,-
1708263699043,1708263699065,22,-
1708263699043,1708263699067,24,-
1708263699043,1708263699068,25,-
1708263700043,1708263700061,18,-
1708263700043,1708263700062,-,19
1708263700043,1708263700062,19,-
1708263700043,1708263700063,-,20
1708263700043,1708263700063,-,20
1708263700043,1708263700064,21,-
1708263700043,1708263700064,-,21
1708263700043,1708263700064,-,21
1708263700043,1708263700065,22,-
1708263700043,1708263700066,23,-
1708263701044,1708263701062,18,-
1708263701044,1708263701062,18,-
1708263701044,1708263701063,-,19
1708263701044,1708263701063,-,19
1708263701044,1708263701063,-,19
1708263701044,1708263701064,-,20
1708263701044,1708263701064,20,-
1708263701044,1708263701064,-,20
1708263701044,1708263701065,21,-
1708263701044,1708263701067,23,-
1708263702044,1708263702062,-,18
1708263702044,1708263702063,-,19
1708263702044,1708263702064,-,20
1708263702044,1708263702064,-,20
1708263702044,1708263702064,20,-
1708263702044,1708263702065,-,21
1708263702044,1708263702065,21,-
1708263702044,1708263702066,22,-
1708263702044,1708263702068,24,-
1708263702044,1708263702070,26,-
1708263703045,1708263703063,-,18
1708263703045,1708263703063,18,-
1708263703045,1708263703063,-,18
1708263703045,1708263703064,-,19
1708263703045,1708263703064,19,-
1708263703045,1708263703065,-,20
1708263703045,1708263703065,-,20
1708263703045,1708263703066,21,-
1708263703045,1708263703067,22,-
1708263703045,1708263703069,24,-
1708263704046,1708263704064,18,-
1708263704046,1708263704064,-,18
1708263704046,1708263704065,-,19
1708263704046,1708263704065,19,-
1708263704046,1708263704066,-,20
1708263704046,1708263704066,-,20
1708263704046,1708263704067,21,-
1708263704046,1708263704068,-,22
1708263704046,1708263704069,23,-
1708263704046,1708263704070,24,-
1708263705046,1708263705065,-,19
1708263705046,1708263705065,-,19
1708263705046,1708263705065,19,-
1708263705046,1708263705065,-,19
1708263705046,1708263705066,-,20
1708263705046,1708263705068,22,-
1708263705046,1708263705068,-,22
1708263705046,1708263705069,23,-
1708263705046,1708263705070,24,-
1708263705046,1708263705071,25,-
1708263706047,1708263706066,19,-
1708263706047,1708263706067,-,20
1708263706047,1708263706068,-,21
1708263706047,1708263706068,21,-
1708263706047,1708263706068,-,21
1708263706047,1708263706069,-,22
1708263706047,1708263706070,-,23
1708263706047,1708263706070,23,-
1708263706047,1708263706072,25,-
1708263706047,1708263706073,26,-
1708263707047,1708263707066,19,-
1708263707048,1708263707067,-,19
1708263707048,1708263707067,19,-
1708263707048,1708263707067,-,19
1708263707047,1708263707067,20,-
1708263707048,1708263707068,-,20
1708263707047,1708263707069,22,-
1708263707047,1708263707069,-,22
1708263707048,1708263707069,-,21
1708263707048,1708263707070,22,-
1708263708049,1708263708068,-,19
1708263708048,1708263708068,20,-
1708263708048,1708263708069,21,-
1708263708048,1708263708069,-,21
1708263708049,1708263708069,-,20
1708263708049,1708263708069,-,20
1708263708049,1708263708070,21,-
1708263708049,1708263708070,-,21
1708263708048,1708263708071,23,-
1708263708048,1708263708072,24,-
1708263709049,1708263709068,-,19
1708263709049,1708263709068,-,19
1708263709049,1708263709068,19,-
1708263709049,1708263709069,-,20
1708263709049,1708263709070,-,21
1708263709049,1708263709070,21,-
1708263709049,1708263709071,22,-
1708263709049,1708263709072,-,23
1708263709049,1708263709072,23,-
1708263709049,1708263709073,24,-
1708263710050,1708263710068,-,18
1708263710050,1708263710068,18,-
1708263710050,1708263710069,-,19
1708263710050,1708263710069,19,-
1708263710050,1708263710069,-,19
1708263710050,1708263710070,-,20
1708263710050,1708263710071,21,-
1708263710050,1708263710071,-,21
1708263710050,1708263710072,22,-
1708263710050,1708263710073,23,-
1708263711050,1708263711069,-,19
1708263711050,1708263711069,-,19
1708263711050,1708263711070,-,20
1708263711050,1708263711070,-,20
1708263711050,1708263711070,-,20
1708263711050,1708263711070,20,-
1708263711050,1708263711072,22,-
1708263711050,1708263711074,24,-
1708263711050,1708263711075,25,-
1708263711050,1708263711077,27,-
1708263712051,1708263712068,-,17
1708263712051,1708263712069,-,18
1708263712051,1708263712070,-,19
1708263712051,1708263712070,-,19
1708263712051,1708263712071,20,-
1708263712051,1708263712072,-,21
1708263712051,1708263712072,21,-
1708263712051,1708263712074,23,-
1708263712051,1708263712075,24,-
1708263712051,1708263712077,26,-
1708263713051,1708263713069,18,-
1708263713051,1708263713070,-,19
1708263713051,1708263713070,-,19
1708263713051,1708263713070,19,-
1708263713051,1708263713071,-,20
1708263713051,1708263713072,-,21
1708263713051,1708263713072,21,-
1708263713051,1708263713073,-,22
1708263713051,1708263713074,23,-
1708263713051,1708263713075,24,-
1708263714052,1708263714069,-,17
1708263714052,1708263714070,18,-
1708263714051,1708263714070,-,19
1708263714052,1708263714070,-,18
1708263714051,1708263714070,19,-
1708263714052,1708263714071,-,19
1708263714052,1708263714072,-,20
1708263714052,1708263714072,20,-
1708263714051,1708263714073,22,-
1708263714051,1708263714075,24,-
1708263715052,1708263715071,19,-
1708263715052,1708263715071,-,19
1708263715052,1708263715071,-,19
1708263715052,1708263715072,-,20
1708263715052,1708263715072,-,20
1708263715052,1708263715073,21,-
1708263715052,1708263715073,-,21
1708263715052,1708263715074,22,-
1708263715052,1708263715076,24,-
1708263715052,1708263715077,25,-
1708263716052,1708263716071,-,19
1708263716052,1708263716071,-,19
1708263716052,1708263716071,19,-
1708263716052,1708263716072,20,-
1708263716052,1708263716073,-,21
1708263716052,1708263716073,-,21
1708263716052,1708263716073,21,-
1708263716052,1708263716074,-,22
1708263716052,1708263716074,22,-
1708263716052,1708263716076,24,-
1708263717052,1708263717071,19,-
1708263717052,1708263717071,-,19
1708263717052,1708263717072,-,20
1708263717052,1708263717072,20,-
1708263717053,1708263717072,-,19
1708263717053,1708263717073,-,20
1708263717053,1708263717074,-,21
1708263717052,1708263717074,22,-
1708263717052,1708263717075,23,-
1708263717052,1708263717076,24,-
1708263718053,1708263718072,-,19
1708263718053,1708263718072,-,19
1708263718052,1708263718072,20,-
1708263718053,1708263718073,-,20
1708263718053,1708263718073,-,20
1708263718053,1708263718074,-,21
1708263718052,1708263718074,22,-
1708263718052,1708263718076,24,-
1708263718053,1708263718077,24,-
1708263718052,1708263718078,26,-
1708263719053,1708263719071,-,18
1708263719053,1708263719072,-,19
1708263719053,1708263719072,19,-
1708263719053,1708263719072,-,19
1708263719053,1708263719073,-,20
1708263719053,1708263719073,20,-
1708263719053,1708263719073,-,20
1708263719053,1708263719075,22,-
1708263719053,1708263719077,24,-
1708263719053,1708263719078,25,-
1708263720054,1708263720073,-,19
1708263720054,1708263720073,19,-
1708263720054,1708263720073,-,19
1708263720054,1708263720074,-,20
1708263720054,1708263720074,20,-
1708263720054,1708263720075,-,21
1708263720054,1708263720075,-,21
1708263720054,1708263720076,22,-
1708263720054,1708263720078,24,-
1708263720054,1708263720079,25,-
1708263721055,1708263721073,18,-
1708263721055,1708263721074,-,19
1708263721055,1708263721074,19,-
1708263721055,1708263721074,-,19
1708263721055,1708263721075,-,20
1708263721055,1708263721075,20,-
1708263721055,1708263721075,-,20
1708263721055,1708263721076,-,21
1708263721055,1708263721076,21,-
1708263721055,1708263721077,22,-
1708263722055,1708263722071,-,16
1708263722055,1708263722075,20,-
1708263722055,1708263722075,-,20
1708263722055,1708263722076,-,21
1708263722055,1708263722077,22,-
1708263722056,1708263722077,-,21
1708263722056,1708263722077,-,21
1708263722055,1708263722079,24,-
1708263722056,1708263722081,25,-
1708263722056,1708263722082,26,-
1708263723056,1708263723075,-,19
1708263723056,1708263723075,-,19
1708263723056,1708263723075,-,19
1708263723056,1708263723075,19,-
1708263723056,1708263723076,-,20
1708263723056,1708263723076,20,-
1708263723056,1708263723076,-,20
1708263723056,1708263723077,21,-
1708263723056,1708263723078,22,-
1708263723056,1708263723080,24,-
1708263724057,1708263724076,19,-
1708263724057,1708263724076,19,-
1708263724057,1708263724077,-,20
1708263724057,1708263724077,-,20
1708263724057,1708263724077,20,-
1708263724057,1708263724078,-,21
1708263724057,1708263724079,22,-
1708263724057,1708263724080,-,23
1708263724057,1708263724080,23,-
1708263724057,1708263724081,-,24
1708263725058,1708263725077,-,19
1708263725058,1708263725077,19,-
1708263725058,1708263725078,20,-
1708263725058,1708263725078,-,20
1708263725058,1708263725078,-,20
1708263725058,1708263725079,-,21
1708263725058,1708263725079,21,-
1708263725058,1708263725080,-,22
1708263725058,1708263725080,22,-
1708263725058,1708263725081,23,-
1708263726059,1708263726078,-,19
1708263726059,1708263726079,20,-
1708263726059,1708263726079,-,20
1708263726059,1708263726079,-,20
1708263726059,1708263726079,20,-
1708263726059,1708263726079,-,20
1708263726059,1708263726080,-,21
1708263726059,1708263726081,22,-
1708263726059,1708263726083,24,-
1708263726059,1708263726083,24,-
1708263727060,1708263727079,-,19
1708263727060,1708263727079,19,-
1708263727060,1708263727080,-,20
1708263727059,1708263727080,21,-
1708263727060,1708263727081,-,21
1708263727060,1708263727081,-,21
1708263727060,1708263727082,-,22
1708263727060,1708263727082,22,-
1708263727060,1708263727083,23,-
1708263727060,1708263727084,24,-
1708263728060,1708263728079,-,19
1708263728060,1708263728080,-,20
1708263728060,1708263728080,20,-
1708263728061,1708263728080,-,19
1708263728061,1708263728081,-,20
1708263728060,1708263728081,21,-
1708263728061,1708263728082,-,21
1708263728060,1708263728083,23,-
1708263728060,1708263728085,25,-
1708263728060,1708263728086,26,-
1708263729061,1708263729080,19,-
1708263729061,1708263729081,-,20
1708263729061,1708263729081,20,-
1708263729061,1708263729081,-,20
1708263729061,1708263729082,-,21
1708263729061,1708263729083,-,22
1708263729061,1708263729083,-,22
1708263729061,1708263729083,22,-
1708263729061,1708263729084,23,-
1708263729061,1708263729085,24,-
1708263730061,1708263730080,19,-
1708263730061,1708263730080,-,19
1708263730061,1708263730081,-,20
1708263730061,1708263730081,-,20
1708263730061,1708263730081,-,20
1708263730061,1708263730082,-,21
1708263730061,1708263730082,21,-
1708263730061,1708263730084,23,-
1708263730061,1708263730085,24,-
1708263730061,1708263730087,26,-
1708263731062,1708263731080,18,-
1708263731062,1708263731080,-,18
1708263731062,1708263731080,18,-
1708263731062,1708263731081,19,-
1708263731062,1708263731081,-,19
1708263731062,1708263731082,-,20
1708263731062,1708263731082,-,20
1708263731062,1708263731083,21,-
1708263731062,1708263731083,-,21
1708263731062,1708263731084,22,-
1708263732062,1708263732081,19,-
1708263732062,1708263732082,-,20
1708263732062,1708263732082,20,-
1708263732062,1708263732082,-,20
1708263732062,1708263732083,-,21
1708263732062,1708263732083,21,-
1708263732062,1708263732083,-,21
1708263732062,1708263732084,-,22
1708263732062,1708263732084,22,-
1708263732062,1708263732085,23,-
1708263733062,1708263733082,20,-
1708263733062,1708263733084,-,22
1708263733062,1708263733084,22,-
1708263733062,1708263733085,-,23
1708263733062,1708263733085,-,23
1708263733062,1708263733086,24,-
1708263733062,1708263733086,-,24
1708263733062,1708263733086,-,24
1708263733062,1708263733088,26,-
1708263733062,1708263733089,27,-
1708263734063,1708263734081,-,18
1708263734063,1708263734082,-,19
1708263734063,1708263734082,-,19
1708263734063,1708263734082,-,19
1708263734063,1708263734083,20,-
1708263734063,1708263734084,-,21
1708263734063,1708263734085,22,-
1708263734063,1708263734086,23,-
1708263734063,1708263734087,24,-
1708263734063,1708263734088,25,-
1708263735064,1708263735082,-,18
1708263735063,1708263735082,19,-
1708263735064,1708263735082,-,18
1708263735064,1708263735083,-,19
1708263735064,1708263735085,21,-
1708263735064,1708263735085,-,21
1708263735064,1708263735085,-,21
1708263735063,1708263735086,23,-
1708263735064,1708263735087,23,-
1708263735064,1708263735088,24,-
1708263736064,1708263736083,19,-
1708263736064,1708263736083,-,19
1708263736064,1708263736084,-,20
1708263736064,1708263736084,20,-
1708263736064,1708263736085,-,21
1708263736064,1708263736085,21,-
1708263736064,1708263736085,-,21
1708263736064,1708263736086,-,22
1708263736064,1708263736087,23,-
1708263736064,1708263736089,25,-
1708263737064,1708263737083,19,-
1708263737065,1708263737083,-,18
1708263737065,1708263737084,-,19
1708263737065,1708263737085,-,20
1708263737064,1708263737085,-,21
1708263737064,1708263737085,21,-
1708263737064,1708263737086,22,-
1708263737065,1708263737086,-,21
1708263737064,1708263737087,23,-
1708263737064,1708263737088,24,-
1708263738065,1708263738085,20,-
1708263738065,1708263738086,21,-
1708263738066,1708263738086,-,20
1708263738065,1708263738086,-,21
1708263738065,1708263738087,22,-
1708263738065,1708263738087,-,22
1708263738065,1708263738088,23,-
1708263738066,1708263738088,-,22
1708263738065,1708263738089,-,24
1708263738065,1708263738090,25,-
1708263739066,1708263739085,19,-
1708263739066,1708263739086,-,20
1708263739066,1708263739086,-,20
1708263739066,1708263739086,20,-
1708263739066,1708263739086,-,20
1708263739066,1708263739087,-,21
1708263739066,1708263739087,21,-
1708263739066,1708263739087,-,21
1708263739066,1708263739089,23,-
1708263739066,1708263739090,24,-
1708263740067,1708263740085,-,18
1708263740066,1708263740086,20,-
1708263740066,1708263740087,-,21
1708263740066,1708263740087,21,-
1708263740067,1708263740088,-,21
1708263740067,1708263740088,21,-
1708263740067,1708263740088,-,21
1708263740067,1708263740089,-,22
1708263740066,1708263740089,23,-
1708263740067,1708263740091,24,-
1708263741067,1708263741087,20,-
1708263741067,1708263741087,-,20
1708263741067,1708263741088,-,21
1708263741067,1708263741088,-,21
1708263741067,1708263741088,21,-
1708263741067,1708263741089,-,22
1708263741067,1708263741089,22,-
1708263741067,1708263741090,-,23
1708263741067,1708263741090,23,-
1708263741067,1708263741091,24,-
1708263742068,1708263742086,-,18
1708263742068,1708263742086,18,-
1708263742068,1708263742087,-,19
1708263742068,1708263742087,19,-
1708263742068,1708263742088,20,-
1708263742068,1708263742088,-,20
1708263742068,1708263742088,-,20
1708263742068,1708263742089,-,21
1708263742068,1708263742089,21,-
1708263742068,1708263742090,22,-
-,-,-,-
